"Agricultural and Biological Sciences (miscellaneous)";
"Agronomy and Crop Science";
"Animal Science and Zoology";
"Aquatic Science";
"Ecology, Evolution, Behavior and Systematics";
"Food Science";
"Forestry";
"Horticulture";
"Insect Science";
"Plant Science";
"Soil Science";
"Archeology (arts and humanities)";
"Arts and Humanities (miscellaneous)";
"Classics";
"Conservation";
"History";
"History and Philosophy";
"Language and Linguistics";
"Literature and Literary Theory";
"Museology";
"Music";
"Philosophy";
"Religious Studies";
"Visual Arts and Performing Arts";
"Aging";
"Biochemistry";
"Biochemistry, Genetics and Molecular Biology (miscellaneous)";
"Biophysics";
"Biotechnology";
"Cancer Research";
"Cell Biology";
"Clinical Biochemistry";
"Developmental Biology";
"Endocrinology";
"Genetics";
"Molecular Biology";
"Molecular Medicine";
"Physiology";
"Structural Biology";
"Accounting";
"Business and International Management";
"Business, Management and Accounting (miscellaneous)";
"Industrial Relations";
"Management Information Systems";
"Management of Technology and Innovation";
"Marketing";
"Organizational Behavior and Human Resource Management";
"Strategy and Management";
"Tourism, Leisure and Hospitality Management";
"Bioengineering";
"Catalysis";
"Chemical Engineering (miscellaneous)";
"Chemical Health and Safety";
"Colloid and Surface Chemistry";
"Filtration and Separation";
"Fluid Flow and Transfer Processes";
"Process Chemistry and Technology";
"Analytical Chemistry";
"Chemistry (miscellaneous)";
"Electrochemistry";
"Inorganic Chemistry";
"Organic Chemistry";
"Physical and Theoretical Chemistry";
"Spectroscopy";
"Artificial Intelligence";
"Computational Theory and Mathematics";
"Computer Graphics and Computer-Aided Design";
"Computer Networks and Communications";
"Computer Science Applications";
"Computer Science (miscellaneous)";
"Computer Vision and Pattern Recognition";
"Hardware and Architecture";
"Human-Computer Interaction";
"Information Systems";
"Signal Processing";
"Software";
"Decision Sciences (miscellaneous)";
"Information Systems and Management";
"Management Science and Operations Research";
"Statistics, Probability and Uncertainty";
"Dental Assisting";
"Dental Hygiene";
"Dentistry (miscellaneous)";
"Oral Surgery";
"Orthodontics";
"Periodontics";
"Atmospheric Science";
"Computers in Earth Sciences";
"Earth and Planetary Sciences (miscellaneous)";
"Earth-Surface Processes";
"Economic Geology";
"Geochemistry and Petrology";
"Geology";
"Geophysics";
"Geotechnical Engineering and Engineering Geology";
"Oceanography";
"Paleontology";
"Space and Planetary Science";
"Stratigraphy";
"Economics and Econometrics";
"Economics, Econometrics and Finance (miscellaneous)";
"Finance";
"Energy Engineering and Power Technology";
"Energy (miscellaneous)";
"Fuel Technology";
"Nuclear Energy and Engineering";
"Renewable Energy, Sustainability and the Environment";
"Aerospace Engineering";
"Architecture";
"Automotive Engineering";
"Biomedical Engineering";
"Building and Construction";
"Civil and Structural Engineering";
"Computational Mechanics";
"Control and Systems Engineering";
"Electrical and Electronic Engineering";
"Engineering (miscellaneous)";
"Industrial and Manufacturing Engineering";
"Mechanical Engineering";
"Mechanics of Materials";
"Media Technology";
"Ocean Engineering";
"Safety, Risk, Reliability and Quality";
"Ecological Modeling";
"Ecology";
"Environmental Chemistry";
"Environmental Engineering";
"Environmental Science (miscellaneous)";
"Global and Planetary Change";
"Health, Toxicology and Mutagenesis";
"Management, Monitoring, Policy and Law";
"Nature and Landscape Conservation";
"Pollution";
"Waste Management and Disposal";
"Water Science and Technology";
"Chiropractics";
"Complementary and Manual Therapy";
"Emergency Medical Services";
"Health Information Management";
"Health Professions (miscellaneous)";
"Medical Assisting and Transcription";
"Medical Laboratory Technology";
"Medical Terminology";
"Occupational Therapy";
"Optometry";
"Pharmacy";
"Physical Therapy, Sports Therapy and Rehabilitation";
"Podiatry";
"Radiological and Ultrasound Technology";
"Respiratory Care";
"Speech and Hearing";
"Sports Science";
"Applied Microbiology and Biotechnology";
"Immunology";
"Immunology and Microbiology (miscellaneous)";
"Microbiology";
"Parasitology";
"Virology";
"Biomaterials";
"Ceramics and Composites";
"Electronic, Optical and Magnetic Materials";
"Materials Chemistry";
"Materials Science (miscellaneous)";
"Metals and Alloys";
"Nanoscience and Nanotechnology";
"Polymers and Plastics";
"Surfaces, Coatings and Films";
"Algebra and Number Theory";
"Analysis";
"Applied Mathematics";
"Computational Mathematics";
"Control and Optimization";
"Discrete Mathematics and Combinatorics";
"Geometry and Topology";
"Logic";
"Mathematical Physics";
"Mathematics (miscellaneous)";
"Modeling and Simulation";
"Numerical Analysis";
"Statistics and Probability";
"Theoretical Computer Science";
"Anatomy";
"Anesthesiology and Pain Medicine";
"Biochemistry (medical)";
"Cardiology and Cardiovascular Medicine";
"Complementary and Alternative Medicine";
"Critical Care and Intensive Care Medicine";
"Dermatology";
"Drug Guides";
"Embryology";
"Emergency Medicine";
"Endocrinology, Diabetes and Metabolism";
"Epidemiology";
"Family Practice";
"Gastroenterology";
"Genetics (clinical)";
"Geriatrics and Gerontology";
"Health Informatics";
"Health Policy";
"Hematology";
"Hepatology";
"Histology";
"Immunology and Allergy";
"Infectious Diseases";
"Internal Medicine";
"Medicine (miscellaneous)";
"Microbiology (medical)";
"Nephrology";
"Neurology (clinical)";
"Obstetrics and Gynecology";
"Oncology";
"Ophthalmology";
"Otorhinolaryngology";
"Pathology and Forensic Medicine";
"Pharmacology (medical)";
"Physiology (medical)";
"Psychiatry and Mental Health";
"Public Health, Environmental and Occupational Health";
"Pulmonary and Respiratory Medicine";
"Radiology, Nuclear Medicine and Imaging";
"Rehabilitation";
"Reproductive Medicine";
"Reviews and References (medical)";
"Rheumatology";
"Surgery";
"Transplantation";
"Urology";
"Multidisciplinary";
"Behavioral Neuroscience";
"Biological Psychiatry";
"Cellular and Molecular Neuroscience";
"Cognitive Neuroscience";
"Developmental Neuroscience";
"Endocrine and Autonomic Systems";
"Neurology";
"Neuroscience (miscellaneous)";
"Sensory Systems";
"Advanced and Specialized Nursing";
"Assessment and Diagnosis";
"Care Planning";
"Community and Home Care";
"Critical Care Nursing";
"Emergency Nursing";
"Fundamentals and Skills";
"Gerontology";
"Issues, Ethics and Legal Aspects";
"Leadership and Management";
"LPN and LVN";
"Maternity and Midwifery";
"Medical and Surgical Nursing";
"Nurse Assisting";
"Nursing (miscellaneous)";
"Nutrition and Dietetics";
"Oncology (nursing)";
"Pediatrics";
"Pharmacology (nursing)";
"Psychiatric Mental Health";
"Research and Theory";
"Review and Exam Preparation";
"Drug Discovery";
"Pharmaceutical Science";
"Pharmacology";
"Pharmacology, Toxicology and Pharmaceutics (miscellaneous)";
"Toxicology";
"Acoustics and Ultrasonics";
"Astronomy and Astrophysics";
"Atomic and Molecular Physics, and Optics";
"Condensed Matter Physics";
"Instrumentation";
"Nuclear and High Energy Physics";
"Physics and Astronomy (miscellaneous)";
"Radiation";
"Statistical and Nonlinear Physics";
"Surfaces and Interfaces";
"Applied Psychology";
"Clinical Psychology";
"Developmental and Educational Psychology";
"Experimental and Cognitive Psychology";
"Neuropsychology and Physiological Psychology";
"Psychology (miscellaneous)";
"Social Psychology";
"Anthropology";
"Archeology";
"Communication";
"Cultural Studies";
"Demography";
"Development";
"Education";
"E-learning";
"Gender Studies";
"Geography, Planning and Development";
"Health (social science)";
"Human Factors and Ergonomics";
"Law";
"Library and Information Sciences";
"Life-span and Life-course Studies";
"Linguistics and Language";
"Political Science and International Relations";
"Public Administration";
"Safety Research";
"Social Sciences (miscellaneous)";
"Social Work";
"Transportation";
"Urban Studies";
"Equine";
"Food Animals";
"Small Animals";
"Veterinary (miscellaneous)";
"Pediatrics, Perinatology and Child Health";
"Orthopedics and Sports Medicine";
